id_code,target
mckbezdplrukagl,low
agxwrnbmzbyxsjg,medium
iqjojyewdyfshtj,medium
hssqexnzirioaag,low
lublknpfraiznhr,medium
hgqkwjbpavdwmob,high
tcoajkwstpxkrdx,medium
muqhmlfqyzozvkn,medium
zdwfnxlivjlitzd,medium
wznosynddwsawbv,medium
cjteeqnbldqifcv,medium
sbitzhltmzsfmnc,low
gpzqudqxelwonjm,medium
twaamrqhamxocln,medium
uvlqkkzmqmtygvl,low
tlkijwjytjsvaop,high
rxmgkuuhymtjvsx,low
eoioeqccpipwrwf,medium
gppswcwaqfskbyx,medium
jqklxokryrfzcto,medium
oqjolpbtjflebiv,medium
grgnbhjsrvybrod,medium
amcyhlkugxhlynw,medium
xyrbqoctrsvitsq,low
dhncsasztaqumjo,medium
ndgevdenxtvjddy,low
xczzhssfhjzgdvr,medium
qteqnthlovzozzd,medium
ebkdwbkkhvfkrul,medium
cgmgkylhqvmoeik,low
fnjoyaychhlludk,medium
fuxrxqokuaxipgb,medium
pnuiztgtedvkwgk,medium
awthupldosgnqvs,medium
ridutjetlqxqygv,low
kcddjsvcditypdt,high
padrbaijnrntevz,low
hfytnqioadgyphl,high
omctulqshheyqqb,medium
vhuzpnfuhqxyzfi,medium
ptksdyiofocsxfa,medium
jygpyesuwzkbjrv,low
ejinsrsqljtxmiu,high
bsdfpfeuqnakgld,high
uwrskukayudqpsh,low
nujemfbwfnywvfi,medium
jrdxdcjjtguxmlk,low
vkwonlkbdoxumsi,low
dgvgtaoezodjvty,low
pgydngnxswmgcyl,high
txnqqyazraxpwxp,low
usobmwodydpznht,medium
kfrtrflzgxdmisg,low
bhhpnhuvhirkhin,low
sbkfbrhywsrexxn,low
jlkgnalxxktfadt,medium
hpahonwjzridjzu,low
peihmwxanmqwibu,medium
fjvjsmblfvwggnv,medium
jnzcwdlhlycnibp,high
vxlfpzkcmsynedu,high
arncncbwubdzgvi,medium
racbmijgseruiws,low
oiwijjaighczzby,medium
gknmgotlvggpfmg,medium
acfvyurradkimjb,medium
zmqdndofchvykcu,medium
sckmmxxqyvmgfel,medium
tfixxolakxusjfr,low
vjhtsrvjhtaxavx,low
jpkzbklvbrrmlwv,low
bftvfdpyiyyptps,low
qwpzlmcbvwmuppm,medium
nbqboxzpknxozan,low
poyjbihtgiepbca,low
xxuwvhycxjufflw,medium
bpclcyvovroqcqe,low
sgbxhgluzacmhat,low
xtjevxsjqesjrvo,low
tfbzwynhsboixir,medium
nwliangflklmolh,medium
tfahamhpqpgjiev,low
jisxehrbbyhmkhd,high
tfyihwuurreetve,low
pjahrvlrncuvgvt,low
vfbiuvknqngyhcl,high
hwnerqgdiunriol,low
lsastgebfwrtpwa,high
vykbawuguqkewby,low
mywpqoeqacfntbp,low
fkzbpeleaywexbz,low
luyudrxajwpijih,high
ymycwsgtgfylzhv,high
edwelekoatoywkn,high
wdwrqjlwnlorzsc,low
ytwaaqkdqkzeqbn,medium
yucmnlnzscyjwpb,medium
zoapartmaamitxg,low
bmaidbzqvfrfzzn,low
gczgkfmaqdlyojl,low
gkvgzmksaglxtml,high
akztxbzmbwwrypp,high
pkqglukkewbhzls,high
eyaummgusaraofm,low
zecilyttqkzcjif,high
kstlqtdyccvgdmx,high
cfghlnghfqvkauo,low
dyoolszkyarurzq,high
umgxfetncdywjsq,low
kwuayyjtyiwhqvy,medium
endzpzrlcnzjqpw,high
wjqjcmegdcglvjc,low
glnyowjhljdiduj,high
owhbktsucbcqszk,high
ifmtkpsikrewsaq,medium
vacnhqvejlkcile,medium
bhjkiuaeqftpfam,medium
ztexfwebjodukka,low
katbkzzmytxkyfi,low
zbpydkhpuzmntmn,medium
gtgpdgsduyyjhdh,low
tecdkyxyufvfdao,high
gwmnkpdtgfsjmoq,medium
vcvfuiikkqjetoh,medium
xhiizwjdqtnikmd,high
gtrkqyecjrjzito,high
pbevfiwhbnsdykx,low
sbztljkygpfhran,low
xjvsxjbagztguqw,medium
tlxrfgqkpolujtw,medium
hyulxmouqoipmvy,medium
wyubagrliihtpjt,low
hfgvdbzqflkmgpa,low
etbpwazgvwvuwia,low
qufsugvdmqiqflk,low
wxxmdvklkxkbafd,high
vjsbntqqthdvcbt,low
kmssmgyxrrmablm,medium
kktrcuztmbrmcta,medium
mfyktlvqthuncxd,low
aqitmggtqwaujfd,low
lqtrbllvopiouvm,low
yobsylinqbtwdlu,medium
btefxevxxhtryum,low
azascierbomurvk,high
aqsewzchrxfpfmq,medium
pcnrixrjuznazmc,low
cgyotygfdqoqkax,low
bwcjtrvgtquwpye,medium
xthkgdkpmkfvowc,high
myjvlzrilfrhvtt,high
rjjcwqsnfkcyxpc,medium
rcuvqohuhckvkmf,medium
xpbsawnnmkjrcbi,medium
vwxcoxqkpjensqp,high
plocpfrgyadsbqa,medium
zfftowwhwjsepuk,high
mrfmvhrvhwcrdgh,high
alxflsiuslfnxdr,medium
cqeefqkzdsikucq,medium
crtcbfauvohhdqg,medium
gycchteaflpoaqh,medium
xwnlpcssrohjqhz,high
fdxijbiwciacesj,high
crsqnpebnldgzwi,medium
lokczjxwlgvriyq,medium
hlxuzpphlxsnnis,medium
pwcozzkhjshmhld,medium
aftqbwflmzachsn,medium
jajfkwtxtgfemyn,high
pkarnfrrcrtftuv,low
dimprxdecwbolpz,medium
mrnjllqhkncweve,medium
qevoryrvrsvbtin,high
bnxutqwflviftko,medium
tpxztxcjcgiatie,low
dnvjxhqsuwxyfaa,medium
meqrvvpdgvjgllg,medium
xmaxektbcoxikrd,medium
nfncmicdawcwwgd,medium
tcersszshlwoqqv,high
cjxcpzhzepllmdi,medium
rmqnpseejpbokrw,high
xcmhubjrbdoypep,high
flvzvzfhyncypij,medium
okykkbkqeugrqvy,high
yhblwevbrgwieym,high
xzfsabsilftdiia,high
houresotniotxnt,medium
yeqwtsqhgvktnlh,medium
rxssurctbhseitd,high
jxzzvmqtykboylh,medium
zdkvfoinokcrtgm,high
dlyzxdcpfpunipg,low
xhrbbuqkmjgbzne,high
xypgifedjbowtrv,high
npluwukbclosxsj,medium
vinaotugamyophz,medium
kowdzaendfaupto,medium
drtazakzoqrxexj,high
dpdcuovayykazju,medium
ycbdetuhuhdwgmv,medium
jixgglvzkovmjyn,medium
zkgjrfaizvzlrka,medium
vvgpdeyqetqhlpq,medium
rtpswfzmvnghkwn,medium
siasykibqrelcov,medium
qvordqcvdazywvd,medium
zrcheelqyqkjmut,high
cfvnaosckfscbsm,high
tajarsaphnoyqgi,medium
jwfypqmooqiptlj,high
xngovzqfximvtmc,high
izkhotzlbryqbbg,medium
bdcxmrdmodadnjw,high
uwkijkmqfahwfij,medium
htzeqiuoyvqkbpv,medium
bjpjdzskbklrwkl,high
kyoemdlwfoyraou,medium
mplyywurjdpxgoe,medium
vbyqqepavlgqyjw,medium
hynmhbiukzyxhln,low
pupfvgmwfbchalz,low
gqreznvfkvomvrs,low
fwnxmujzxqigjdd,low
qnyilmklxrwadcn,high
quotribcmioybis,high
lvltkobixdtfdmw,low
dvxjsoqjaxlzmna,medium
ouctzeaxzvqqcrx,medium
uddwgolqrfxslxx,medium
odtzyqqpblikpat,high
lhdeohhuywxipzc,low
qjxfpnjrzjfidhp,high
sxrxytdvfejovnt,high
vysprwpuulppqrv,low
cadjdoixvgtfmwh,high
mmbmbivdzybkevs,high
ggazwclxikbybxh,low
qwxqndccfjhnwvc,medium
fethjykzttdypht,medium
gtkibtxomymxkyn,low
jthsuuvfpkxwyki,low
urfbqxisrkhrouh,high
ffxtgupfswdzdey,low
ygjkqhwtycutsdj,low
bcjqltpgrigqsux,medium
wwzjuvainyfzcxt,medium
xqxosbsbnzqsgzl,medium
nomcgcyzfvcqmrb,medium
pmujurrpzwwqtgn,high
zmwqzcjuoxwhyql,low
oidppzzhhalgahq,medium
pyczpgpbyjmfxfl,medium
gybikixznhpjlpm,medium
ovfckkuptksmpqk,medium
wavlbiiacamjhgv,medium
uofgwceqkmgnbmi,medium
bnfdaqmirwnggln,medium
acikdnqoryvqiht,low
rstjvupaqulpyjj,low
sezpaiqeopkgqkr,low
kcuuvagghuxytna,low
syugjymclxyjxxz,high
wwejghjfpskvsqs,low
qnjtzoxrzepquwk,low
spqclbenhnzdwgu,medium
qwriouqlvyorznj,low
eekkndsbzebscoc,low
bevkbmbdphyyakw,low
yfgkchaiqspqsmh,medium
jlfoojwqgievpgl,low
gfrimvhukxwybgc,low
nrhmzelwsjdafsn,medium
yqrivqxuhczbhip,low
luwzvujejbifwut,low
wmksmjupvvsxmku,medium
ktwrumlyynqelhq,medium
ukmqknpqjndujpn,medium
byateaekdhgawol,low
kqgoiwkyximgzxa,high
qlgncaaxkuoyqxz,low
qytniqvuoptbaty,high
niqshjyrsdzqjjb,low
gmbhspeivrlincj,medium
gtwrvaoxzxdcnjj,medium
xzvldxfjqqbnbgy,low
crmrzalqrgfyzdq,low
vpnggniyvteshsd,low
clbqtjptmfqxtvp,medium
cwokhaghhheqyly,low
txmvabzobbozuzr,high
cuatklhseqrknol,medium
qqdehhyluizblhk,medium
liywbztzqtczohd,low
ohlnlcbqbcvvwfq,medium
vvdjngfuflrlhik,low
rftamjtpdjtimci,medium
hbvsasopzjitahh,medium
kgjqzrherokfcmk,high
jbguhcejsvycuzy,low
yibeuyxyreqjurl,low
xuiofvhzntivxnk,medium
pyzbkmurkvglyun,medium
lpppzcuvpgvybcc,low
gbwincubuevdvzq,low
lmchxhwzsijftel,low
fuaotlwaxognlwn,low
ljtdkdzbuuxyypc,low
pmtnukopgsyxzya,low
aiyhhplnbwspvyp,medium
qxxpwaikiltufuq,medium
xrpouhsijzocdwk,low
qrzywwtncvombth,low
inpooaltpzynono,low
kongykuaojvjuys,medium
wjfqzsfhyypkjbh,low
qyjgjbfsrvddhyu,low
lyrvwfawykbkgva,low
offaaepoohuuccn,low
uanshkrvbqmtbsn,medium
uwxkqoulgnigocg,low
ngkfyyrhpxrxxvm,low
jihbyczycvtaucg,medium
qyuuyjkshrocrvl,medium
cyxyecnhkbqwejg,medium
gghsevkjxkcmxju,low
mizcuwzlcsjherb,medium
lhahsgchxgemcrm,medium
wighdqqtprxtxxy,low
wzdfflteaklswdb,high
gzbgwyvogrterrl,low
xutdhvouwodqswn,high
engmatklqgpqwcb,high
qbhthubrhafgmzd,medium
dtmjdnmxqpjmjrd,high
mniieerlrzfdaut,high
wbcsosmbevppcme,low
axqwpjeydoehzsp,low
dalfraswnlwahym,high
ylfykadopstnwyf,medium
qblmuncaqubyide,medium
xwqnzpzhmgeysuj,medium
dgzreucvcjvcnfj,medium
cuqohpnuojueqgt,high
mvufwyfsjfgglti,high
ygppxtunbohizot,medium
mqfsfbdngcmshdr,high
yictcikkboaiovl,medium
grclntfbttjsyos,medium
qveehiatrvvqeez,low
dzqmzvuovruupem,high
wphllbutktbdoyg,low
apvastjkunitjsm,low
bpliqghwajzagbw,low
iprgwsohpdltesz,high
ubbiwrxzdojviko,medium
rjtyejgfpdhypry,medium
ykhbvehhinfujbo,medium
stwxlvktflenxsz,medium
drexbyqctphpvpy,medium
lqoqgumorupxgan,medium
amelpiwzjmfzrur,medium
birsfaxopxpywhr,low
xfqpxxgoztvwlho,low
qbfkjfibhjavcjw,medium
eoyxpvibwtmuipg,medium
ohjyhbdwxbnyfld,low
uvweijkvpcqilzd,medium
ogszrtmvmcrkbjf,low
wrnyyfotokbivvn,low
qlsrcmhdobhexmk,low
hfjkaezxiieeyhv,low
fqjaidqscasyhog,low
lltnnngyoxmfpmz,medium
tzayenqcjtxgcjl,high
fmzvxfgwnstobks,high
pfzjjafeaerhufd,low
klagbknxizarogh,low
bbitxrvgvhnroey,low
nzqgmmbdxlvvecr,low
wqrfizmrmmhxkyz,low
xljcqqizeuqciew,low
haymsmvxkmgtbsw,low
fgfjrnjtpivzuwz,low
vsotrczzvtwwonw,high
bynruuqoyrpofks,low
gxgszdudecpdtfb,high
vhvsvtaprextkhj,low
yggpjnogknpmiwv,medium
rfnjxfycgycvgwu,low
zudbnoxzjgrdxsq,medium
ontmfkabxjwdskn,medium
tmzhmgziypzlsws,medium
jcdshachokvavac,medium
zqelznqcbwpoufl,low
nezwpxxkdlnpeae,medium
vlfaqtdodjtyypx,high
nxejdydxdejilge,high
lwyhsjzwnggvsyq,medium
ajfcikhfciubgxk,low
kfwkanjygdimapz,low
ojxgfuzmvgtlydf,high
kmkyiwpbulkoane,medium
viswqbocrfxophv,medium
cyzmhdchxeybrvm,medium
vakxehlaxpjssos,medium
pbhjsunzznkwnkz,medium
todibnowzrdksnv,low
mndnrjqrnomicde,high
udjbrgewirsrryx,high
zwknpqrlesdzmpw,low
spctdbqzpxhajpo,high
epfpoxgzeqcgstd,low
fuhwoornwgdcqcz,low
pxcggfratllcygs,high
hlmmujtnkkurffh,high
zofetylbkwfjxpl,high
hfiswjymlzxeiyf,high
itmtwhxuxwpslhc,high
dtodhjruztratbc,high
hdckokevhvcfhuu,low
uedarqrcupvmhmx,medium
dlqvrarzrdfelko,low
iqkkkchhpfgdoxx,medium
qfpndfnyuazuohn,low
iqjcmwsgooebyyo,high
fgwoscyqjxhsyov,low
ynsfdwqvovnfntx,low
azbklkcquzquebt,high
gqnsrxpavtzeego,low
lxzflxpfvfbyzbq,low
zsfybvfisiwqpzk,high
kjpfrrwaldzhkfv,high
qydtrihaxapxxux,high
mqwlshpcpgzmuyz,high
boahadvyqsmngxx,medium
ikgqpxphubkkipp,medium
ypqmputdoulcsmc,high
lcovsdrrthhpjoa,high
bggubfxeusfpvss,low
foergeorrhypyja,low
xrmsfupdbsqelfe,low
wnkeqcjahebkbog,low
xmaylnvkzvfvnmv,low
bxbfhkqqexgppml,low
eqmdsxxawpgffve,low
oknyvmiymxmtnqy,low
tlgcminaflxzpjm,low
vybxzvnnqzksizn,high
pgxxhsxpfnneshu,high
ehhcktdhpckymcf,high
wzwuccehyhjgvet,high
mliwgmwmahxdwfu,low
sjmfhkmzafocrdb,medium
eygojusqkvrjdgn,high
wqteqmtojdaytvi,high
bjibyuatmzjwoba,high
jdxsbsetxnnjkii,high
twotofgfwlfemwx,high
tpkgfujjvriowky,low
cixbjrlxybdahpm,high
doidzfgopozsxku,medium
mfslcdyjjllnsdq,medium
trvvuqlenyxkotn,medium
eddeayzmvpghrbs,high
lihbubhhwedquus,high
rddxaqdfwmezftn,low
bzvqunlkokmasga,high
lpsrevhxwnzsimr,low
jtnriytnlvgtkwe,low
yyeotoanaydhqzm,low
kykmbsjfogjiirm,high
rkxruhoovwoyxhk,low
wjcpyxbgzchwevj,low
munhujizmfczjjv,low
kbtkkafskcelvca,medium
yqjlillkajeggbx,medium
qwxfotxahkxmyvu,low
kilpwljipigcjbh,low
uekurvmorwxmooy,low
xsngnmcgedeolli,low
isoxrxayqiyxrpv,low
jysirkbrepkdmrf,low
bucaakddztggyli,low
axvweplwouftjls,low
wggjcqzqaihuekh,low
poixwctmtorudht,high
gssykqcbduuwtoq,high
lzalfyuaqmbfily,high
bxlbrdahkhzmszo,high
mjnlclpeaeyfbkh,low
liwghoevhbdwjwf,high
mzphsxdoxcchgwi,high
dwbwvixugyrqoxl,high
wbmaeetzpmdtwiz,high
pzxahxacviymanr,high
ofvchlvoiasncdc,high
lhycyddhlzgdbnr,high
ndmufhsfnqxdxfa,high
opwbbeiscvhpizo,high
jquuzgekrjtsmph,high
ifwqhkypdggzqvz,high
aamqfymzelvinrs,high
drzzdmjctoxoqti,low
jeqvprcevlbsbgm,medium
rwhpwhhbiokzcbm,high
yrfcrsmptpqknfb,low
prxhzwsdxxszear,low
kosxkriieslfhkn,high
eoocmeokobgespc,medium
kifhioeddomazpu,high
fwqxbbbgoqotprk,high
ivrkiceddndylqu,medium
aexmyjiqjqqyhgc,medium
vvttekvbuhvhdiz,high
lmqfmaiviqohtpo,high
zkiygznmpilgxoi,high
dilufqrzxrdnpeg,medium
uwjfxjfrbflhyqq,medium
bpdpbtwmdzqwhhx,medium
iiolqbnnwxvrwky,medium
hpbnbbpyxnooxtj,medium
oymgdldmqpjjvxn,medium
lvpawdigrerylnb,medium
onagrhazftxeazn,high
bxiezayjqipvwfx,medium
waxdqehdrkipbuh,high
lklhdhskoeiqsoo,medium
nabkgigmgzfdkkj,medium
tmutegsxzuuxjkq,medium
nxumejeuncuxhnl,low
ftkbpustjbwaabb,medium
kxtdaqxjimbhfcp,medium
hwoarggdjafhnaa,medium
iltnvwncbhxgfml,high
dnidbnlebwulelv,medium
xawzzvkakqoaapm,medium
sgufylzhwgdpqsz,high
yteowlvykkorifn,medium
aohjndelhyvttaj,medium
kurqukduxxjjduw,medium
ztryhcanqdoexak,medium
pwoiujlvvcwiwtr,medium
dwuvknzzpjzpyau,medium
ewtlteyrhnxinsw,medium
qtqiivqjfuntbev,medium
pchjrqtvfvhcpur,medium
tutyrptroltnzfb,medium
ulxzoosiinygfji,high
ssnqmzfcexabtso,medium
zphhvqffmfcucmz,medium
dwozkbmkgjjuixm,medium
iyrgliucrmeehcf,medium
xkguzsogfymfmxj,high
aswexwfrhwvzrzm,medium
xrhjhrxjiaosnba,low
yoazwzcumxmiuvx,low
awrhebbmjluzzor,low
fvthpfblzqxcuca,low
quhzoqxlsitahdv,low
dfjzjktmytnnciw,low
frjnbkzluszbpis,high
rrkizdgumfigasb,high
cdjsjtqvnxsxkep,medium
kkhwmvrlsasvecr,low
gyqfggpnxvquegj,low
vlwzstojqrtbhmp,medium
brfnkabcvrelvgq,low
yqvqhxpgzlvcsti,low
qxljqnfndltwsib,medium
bxqgdegydkskfjc,high
xprzswsofalasye,low
hsqwmwqymaeofyn,medium
ijchghnoshaknqa,medium
rtkcoduefwehors,low
cgutqhjrvbwvxxs,low
bqonomfgggkjoxj,low
ckhqmmcjetdxpml,low
dzryqtjlkytvyrs,medium
nbjdeibsrajrsxj,medium
jfdzbgzawgvtrkq,high
zeacayaozcomyri,medium
cedwnwgcbnntezz,low
wlcssgkvysofszn,low
wqitfoamflvhage,low
ovhgtqhjytejutx,low
ogndutzsafovhbm,low
plwdpcktozpwnpw,medium
ygenkuvgpbocuga,low
myigqahpeucbbbb,low
hswlnqdeekneypx,low
qpsvtwmlsipwxqb,low
jkxnanewvbifpns,high
kverqvanczcsyhf,medium
rstevqdjapiqslk,low
orzdqznodanpcgo,low
imshhqvkhnywqtl,high
grdiqioymwknqqx,low
fdjitsynhcntccu,low
itsxadavazuwjps,low
ekdsxjeexlnhmip,medium
szszbexvfhpbbzp,medium
mpxrrysrqwwpqtw,low
fjccfggbizuohvu,low
rqdqntusbtlnjfx,low
tlosdmzgpaokmll,low
pczgbglpseuvqzs,low
jansweohwsoezxm,medium
yfuwizcwsjfjdup,low
judlheyfctgzfbx,high
hskdvsoazfcdipt,medium
bigwaordpavwtzk,medium
kngerqhgutwywkr,medium
msjravkmaptflme,low
rsiycqadijbiqvr,low
evlsfbneumnnivi,low
oioltsyxzojyxub,low
dostkpnujmkzfzu,low
fzctbokzenuqnno,low
qiemgxoqyihwvcu,low
iqkwvzjrkdlzhdd,low
pbhglaqqrefmflh,low
sdvkafzmftpnhwq,medium
xejpzdjrapodcil,medium
dihypjqsmldocvn,low
pyxujoeccqtesxo,low
vgiywcnwqtrcyxn,low
cxqdacgtkawrsli,low
lqfvozhlduwgijx,low
yksxdycvoiomuoc,low
rkwwyjfhptztjeo,low
hmgojawfjrlpxnt,low
sephzfyyqnanbbl,low
clwndgrptdsiffi,low
iwdhmnubicqmtwu,low
ddaukbrcyjqsqni,low
xfrttxscayduhtl,low
raybfwtxheyskvr,high
kicacmygkgcuhiq,low
itxzhuasgnmppwj,low
hsodhbnztmuvdiv,medium
wqexistcqkhqkww,medium
qsewcpnmjesjmkf,medium
pmutdbbwnntnhco,medium
cehajellagtcjpt,low
xrhktoikcqcgjho,low
mqbioshllijhlbo,low
iphudegxyoiwkot,high
ahxstnndqxyhyzf,high
cxksgtnzngxinow,medium
lazwoxhoqjjlhrr,high
njlidptzzdzkfeq,high
sbqxwyjspxrreld,high
uvndhantrmaflkk,high
yqtazpsuwcnkkaj,high
orofkvujsphhpuq,high
gjgtnmkqieqorif,medium
qfdmsjspekoccha,low
fdszxqbmrkffsqf,low
xncjnnymbnxmqlv,low
mjlpewzdhiqthbn,high
rhqsupswsuqmmpj,low
dsmvzasjoffthdm,low
mqucbxsdkoitomm,low
gzbcglflrtmeqgx,low
hqfqqquahktafzu,low
zwikiyxaneocusg,low
xuhokcndcmevvpe,medium
rxjmhpgdqleakmc,medium
cocegylsynwerfr,high
ziurpgyivvkckgx,low
pzyeqkdleymaieu,medium
hsemwekfrmrrctl,high
asptkbxtzldttsp,medium
dzphgtsanqixkjg,low
deqjbmjttfzfsbb,low
jrdeypvxmbfpevy,low
qurijfclxvksvkx,high
hfbojjnbmlvvylp,high
eilyxynrlfilgti,low
bcispryaupqeuti,high
ikgqnfbfqznodza,medium
rrgzctpyhoyhvni,medium
welbhgqigimbsyv,medium
whflfsjrjrdzekf,low
xocodwijjeuwvuv,high
ebmljedufmbzzmv,low
zedfcwgoqrmsdhz,low
pvnbsdfeuyvldwj,high
mfnhraqxjpbmbxe,low
fwkuvhkkpbwwpnu,low
cnupjfhakqpafax,low
cbqqqqcewufzxfd,low
fwzhbzwtdqvzffe,low
xqqqbpzglmsvjvw,high
rxxeczjfjzbpxnz,low
gglpqryfhluyksu,low
rdtcbalfdtfgnul,low
daupomykbczczgi,medium
tfkhwltpmjklnsu,medium
epshnafzfjzhphw,medium
wxjnsebszxamywf,medium
vxhgcoztywezdxo,medium
vtyvoksxvqbofkp,medium
monactprspfnrpn,low
ladljxixrevpwro,low
logkikijmwggdiz,high
nrnehftpshbuuod,high
ulaarwxwarysplq,high
mxjoenbiqgdcryl,medium
jnvrylnpwolskdx,low
hixvbgvhpscrlct,low
pgzowqzhtpjycrz,high
qtslewwqxczfpff,low
bifdeupqtiyzyzr,high
whlzlrujwfzxrzu,low
jjrrpgiszsrfpmb,high
jeukhnffpzlvfpr,high
vbtgkynntrhpokz,high
owfvhchjiqnocei,high
copfoksqsqhgzpr,high
rdwabjpeoameigt,high
uafuytvtqakmaod,high
vbltxuhzozrvnww,low
ftsolauxrbicuyi,high
xbsuqvrcmiiapfb,high
wvttjmcumtixvqm,high
njyegpyytikmvyo,high
bnvmqhmhjqurpso,low
iikpiedjzmqgros,low
yvsdeqbdkwuhxmt,low
dtduvflrkzintfx,medium
kwasxaphdicfedm,medium
cjwgnurdoczdiro,low
qxuxowymrtgkeyn,high
uosifuydrodfyrn,medium
iirpxeyasjuylut,low
shfhsnxapqwadtt,low
qbyzjyuokdiarbu,low
exxjxdyadadzzty,high
fmsmorfwrctrxdz,medium
lzaakenheqfczxk,high
vfuqwbhzgewaldt,medium
mtksezjhgbxdrfz,low
ybrvtrhqoqoxnga,high
atrlhkwjedwhnob,low
rzyfqhcjgmwhkmc,medium
ayypefdfnziuvlf,high
znfjfgtmesawnns,high
insjlnijevlanmm,high
rgxkutcvllukpoh,medium
eenlfjsbbllfbwr,low
btlxeqkpwkdvtye,high
gqugylnpzkgyrbo,medium
ejopywxalqqyxad,high
cgpwbbtmqolfnxj,high
xnginlbdthqukgq,high
nirdosplqvbuseq,high
mtjaylucbsgdpow,high
gfpxkivaqnoijpy,low
qawuotvzettfscl,high
yiypagaludkhbxp,high
dtcckmmgdubfcnd,high
gafkrfuvfvfbnxd,low
lrecrwsfcmvytxx,medium
rmqualmyhkmnrkt,medium
dixagwdoavjhncv,high
zzjurxhgqkwybnw,medium
biwbacuqbyhieff,medium
dilstostlvejdft,high
piufvkdatvtjlno,low
ejqaolhtcitigzc,medium
scomidixnhtbgsj,medium
ihawvkalounrcxi,medium
xcsdgztaieohcfp,medium
uuywgxgpthtgeyf,medium
kakwsrlbfbemjdr,medium
vfemjlwezmydntl,medium
oqmrodocreugrzl,medium
ldkucfifkjnxdgt,medium
untwdrgqniuiloa,medium
zhkewisypjdsjxg,medium
yyauaatpmyfzkix,medium
fmdtyyrnajsrxvl,high
midrblgzgqiguih,medium
qznrixzrrhyhybp,medium
rzmpwlftwvhfnvp,medium
ndsfvxxkaofrotq,high
djgkbfsakuwtyyn,medium
rqtbwriwpqvpynx,medium
vfhbsqgonbvtkwa,medium
hgocnpwysygfqss,medium
leshljejggysaqy,medium
yuhcmoknorxyois,medium
hwwsqhyiwcsueye,medium
ikbvlnkkvsmlozj,medium
iwgudmpzpdusywb,medium
qiibspsvxacavti,medium
otrwiyhhbbdjfpq,medium
epozbumqakfvgeh,medium
sqszdrpiehfutvw,medium
ymtcmbmenqwbhcu,medium
euqnlucnfealhtk,high
pbwxubeipnsygyr,low
cmspbfjwbuxzxkl,medium
yendweflbdvdolq,high
itxnftmgquuyfxz,high
imtaobnzzjbothl,medium
unwqvxdaqkgdbzg,medium
wmzhyxlzryyfdeq,low
cuvcvdpskunnfva,low
eilucsbnuqvfgli,low
momyehxpsgxjifu,low
mlabfdefhthupat,high
pxxgwwnousomjoz,low
cxnxxduphflmbcp,low
mrfmwudkkxkpdjm,low
xcvozishbnxcjjl,low
jjumxrpvtsejsjb,medium
dviblipufxtkodq,high
ppbubinxngzlcru,high
bgcxigsvfaxfsqi,medium
xisrbuukrbnlsjo,medium
jiuqgfybecgcsvp,low
apbkxnddxohaynz,high
cgonhnzufeccezh,low
uzybchvseojisun,medium
ebdvwrwkqrjjpjq,low
qpnkbkkivsttvpr,medium
gbcbhazmefrqpzi,high
yxozdnangoyavdw,low
lfvsxvsnwahiytu,low
enolidnyyffktgf,high
tydqckobscqcvvu,low
bkpfqknmijzcduf,low
rxpkfadfnpcbqti,low
eiwnfeszvufxdyk,low
ubnuhuovyvlpvcf,low
nflpaftovkcnlqn,low
ayesghmsdshjiyp,low
kclcsblbckpbsbt,low
oizmjxltnukmgei,low
donlhauifpbjuxq,low
nojhzyujweghnrb,low
vqwekqrrlxngfse,low
fcygpnruwpxefrx,medium
nnkslnalkhfwumy,high
lwdmomfjmlawygt,low
gtvbsifxungcvoy,high
rpmyvsjnlbfyxzh,high
iyayodbtjnthmiv,medium
dhnmwqowendjjny,low
wfbgzzolkybjhnr,medium
rjbdonhjnxplofm,medium
zamkiogjqigbodv,medium
mfsaojecousukgk,low
rjggksjwuwnkuvi,low
mutzyzxxonwoirv,low
agrkefgpfdxyozq,medium
psntaexklawpmxp,medium
runjkgmcaxdsjir,low
whmaizknsffzkhy,medium
abvqfyyoaowhfxu,low
iyfgrqjzbitycgj,medium
tvpkzaytnnyhtuj,low
qhzejfjmicdzugv,low
sexnworhxwocwbw,low
bgqcoliptzahphx,low
wfnlgunoovixkvl,low
euyhtwpoeyiaebj,medium
ajymyekzlnhmapb,low
uukxbqufsflcoan,low
gomxhxdovgacwvp,low
ytoziizckquawuf,low
ennhprkxilzhgob,low
wedlzpmfiqoeloj,medium
wvexvfqkltjvcwd,low
onxojeluwxqhxaw,medium
vwdpdmjrhwndklp,low
ddoaorvriptzwkm,low
wrruqlctvurlsoz,medium
jreewbufzxdgbgw,low
mdrlwiczxvxhrqx,low
hasnyacizrvwnhw,medium
zirgosraqrphxez,low
vkaupmdnzungvxj,low
jpqayhciphhhzxu,low
oxlmniwpjgtzerv,low
gjppmbjejumhjyr,low
owvoyghclwjbbpk,low
mmdebdgykddgejj,low
qttbgmdtylmihcy,low
fzjedyhtngbzglg,low
rzquguwrheipwkf,medium
htojmhvvknproim,medium
qrkfmmvgjsyftib,low
bunxbuuxiwpodom,medium
sbfklugwwqcscfo,medium
vheprbftynqntiw,low
gzsmcibybhdbcyc,medium
wlztauvjufefhsx,high
jrbjeukjbuxnxmv,medium
yghwjueyjqmjoya,low
ggnsayplqrcrhnv,medium
ypmxixjfwvitvio,medium
nzieizmikohdfdh,medium
hmkecollozbnwuw,high
vfqusqtkmkvtkfj,low
jgugybzgkanpxmc,high
mnlyagwvqcrkunj,low
lvlowiaxgtblmpq,low
wizfvmnmnlowvzd,medium
mzuooldzxywawpv,medium
kmcviphtguwvofs,medium
dhjyaoyvdosskic,medium
bokyaoremvpkslp,medium
cuxahufiuxaajxy,high
avdmtojaucwsokt,low
ykrhfjflntfcccz,medium
znqouuggpjnzvsj,medium
kdphosaebmzxbuj,medium
dydpkfxdwoqedyx,low
ijlsxdvgxkyfguo,low
funogkxunshyduu,high
zvrpaqzsdylwcsf,high
xdahypzphzcxrva,high
tlfnwcqgjoooaoh,high
dwjoyikvnbmylrl,medium
piqbaiugedaxkji,low
qtoopystlbegcbh,low
gachzgtusokyaui,low
qnpiasggxfwwfjl,high
yuqwnxcgwapsygk,high
hubgmydhiwqxehz,low
ppvansmmhqjotxp,low
zjyyyqlatihxkia,high
ooafxnqtnrwssiy,high
qcczapxusosmghm,low
rhlwbcxtjcszdue,low
fedrvpzzfhjvqut,high
xsxsizlioitmgxv,low
qphsdbhwzpywdfx,high
zbxlporoscqdwem,high
jpnxauzbrqnwjrq,high
gkdfjgkosunvlkx,high
idmnwymfmoehnro,low
lykphditzxxjhvd,low
jgrbkormfbomxcq,high
wrdomkpyagubyzx,high
jccpfgyukmdesbc,high
qknkfexyvtfcjzx,high
tuoghdwcjypungr,low
efabznbbxmfbbqg,high
rzumrsbcrnuxzag,low
pxmhcvnwktxqukn,low
cugnfjqcwwqrjhu,low
bxhlrxcgiapiaab,medium
uunreizjxarghpv,medium
pnfrvyxsejnehwu,medium
omsilbnrgbvkeak,medium
vkjvqmaaguaeqde,medium
iutnjhogthfpymb,high
xwqxedeqlnimclu,low
